x2 vs. y1,x2 vs. y2,x2 vs. y3
-2.1469041838978027e-16,3.362802854711912e-17,1.5730594070086124e-17
-1.2128028265157178e-16,4.368585493966219e-16,-3.054223649054004e-16
-1.9122177761731888e-16,-3.619462084153336e-16,-1.498045763333524e-16
-3.6990394912942694e-16,6.769476303295383e-16,1.1099950007174383e-16
-3.215260631005239e-16,-5.542052260681721e-16,-9.236935830804395e-16
2.3618289288173575e-16,-3.6313975343781867e-16,-3.646317489465989e-16
5.281108957964207e-16,9.463250666531371e-17,-3.755664067372712e-16
2.89720739547551e-16,4.78616681824951e-16,8.27191311071995e-17
3.143097039121895e-17,1.2429112651544182e-16,-8.300684515551682e-16
2.538734636607318e-16,-2.8050011168270534e-16,-1.544942332152512e-16
1.6851619493104322e-16,1.8961108509427353e-16,-8.211554754882307e-16
3.9869154957989656e-17,1.7944579566579404e-17,6.968741970265654e-16
-5.217089152264545e-17,9.524389041798613e-16,6.938969369443144e-17
-3.3623331783824353e-16,-6.753667940179045e-16,-3.6951810654585216e-16
2.5594572356015685e-16,-2.2194035642725128e-16,3.257474417469334e-16
1.821601970742342e-16,8.704833188007418e-17,-2.4841682738069315e-16
-7.412261228210154e-17,-8.116102272146668e-17,-1.3440265724086354e-15
5.304680110102959e-16,-1.4229540261040654e-16,5.880924812918841e-16
-3.6882338779055687e-16,-6.77225641837217e-16,-4.919154893839499e-16
